{"6283153448697@s.whatsapp.net":{"limit":0,"premium":true},"6282158164636@s.whatsapp.net":{"limit":0,"premium":true},"6281230987025@s.whatsapp.net":{"limit":0,"premium":false},"60174505688@s.whatsapp.net":{"limit":0,"premium":false},"6285382608846@s.whatsapp.net":{"limit":0,"premium":true},"6281927279812@s.whatsapp.net":{"limit":0,"premium":false},"60183694501@s.whatsapp.net":{"limit":0,"premium":true},"60189506400@s.whatsapp.net":{"limit":0,"premium":false},"601164946775@s.whatsapp.net":{"limit":0,"premium":false},"60139760545@s.whatsapp.net":{"limit":0,"premium":false},"6281390607435@s.whatsapp.net":{"limit":0,"premium":true},"6289629165589@s.whatsapp.net":{"limit":0,"premium":false},"6283162685472@s.whatsapp.net":{"limit":0,"premium":false},"6282111231589@s.whatsapp.net":{"limit":0,"premium":false},"6285727721193@s.whatsapp.net":{"limit":0,"premium":false},"60194554523@s.whatsapp.net":{"limit":0,"premium":false},"6281574758365@s.whatsapp.net":{"limit":0,"premium":false},"6288801653271@s.whatsapp.net":{"limit":0,"premium":false},"601140131517@s.whatsapp.net":{"limit":0,"premium":false},"601110690039@s.whatsapp.net":{"limit":0,"premium":false},"60176693386@s.whatsapp.net":{"limit":0,"premium":false},"60173057883@s.whatsapp.net":{"limit":0,"premium":false},"6281916992111@s.whatsapp.net":{"limit":0,"premium":false},"6285765588433@s.whatsapp.net":{"limit":0,"premium":false},"6283114960835@s.whatsapp.net":{"limit":0,"premium":false},"6281231905028@s.whatsapp.net":{"limit":0,"premium":false},"60133764209@s.whatsapp.net":{"limit":0,"premium":false},"60165039569@s.whatsapp.net":{"limit":0,"premium":false},"6287882572235@s.whatsapp.net":{"limit":0,"premium":false},"601128654524@s.whatsapp.net":{"limit":0,"premium":false},"6285283703527@s.whatsapp.net":{"limit":0,"premium":false},"6282196930963@s.whatsapp.net":{"limit":0,"premium":false},"60167942843@s.whatsapp.net":{"limit":0,"premium":false},"6282371973833@s.whatsapp.net":{"limit":0,"premium":false},"":{"limit":0,"premium":false},"62882015296801@s.whatsapp.net":{"limit":0,"premium":false},"6281260832697@s.whatsapp.net":{"limit":0,"premium":true},"6289524604328@s.whatsapp.net":{"limit":0,"premium":false},"6285961165739@s.whatsapp.net":{"limit":0,"premium":false},"6289529934506@s.whatsapp.net":{"limit":0,"premium":false},"6285780386898@s.whatsapp.net":{"limit":0,"premium":false},"6289522534401@s.whatsapp.net":{"limit":0,"premium":false},"628984356523@s.whatsapp.net":{"limit":0,"premium":false},"6285157902288@s.whatsapp.net":{"limit":0,"premium":false},"6285768524940@s.whatsapp.net":{"limit":0,"premium":false},"6288260359629@s.whatsapp.net":{"limit":0,"premium":false},"6285713955781@s.whatsapp.net":{"limit":0,"premium":false},"6285853829039@s.whatsapp.net":{"limit":0,"premium":true},"628816344806@s.whatsapp.net":{"limit":0,"premium":false},"60196642547@s.whatsapp.net":{"limit":0,"premium":false},"601160784818@s.whatsapp.net":{"limit":0,"premium":false},"6285334453316@s.whatsapp.net":{"limit":0,"premium":false},"62895387521207@s.whatsapp.net":{"limit":0,"premium":false},"6288296428455@s.whatsapp.net":{"limit":0,"premium":false},"60138166492@s.whatsapp.net":{"limit":0,"premium":false},"60166065707@s.whatsapp.net":{"limit":0,"premium":false},"60175517480@s.whatsapp.net":{"limit":0,"premium":false},"6285230433382@s.whatsapp.net":{"limit":0,"premium":false},"60177885250@s.whatsapp.net":{"limit":0,"premium":false},"6281236677460@s.whatsapp.net":{"limit":0,"premium":false},"60193466791@s.whatsapp.net":{"limit":0,"premium":false},"628111129519@s.whatsapp.net":{"limit":0,"premium":false},"60179655763@s.whatsapp.net":{"limit":0,"premium":false},"601116673558@s.whatsapp.net":{"limit":0,"premium":false},"6282255649705@s.whatsapp.net":{"limit":0,"premium":false},"60132218554@s.whatsapp.net":{"limit":0,"premium":false},"60175070449@s.whatsapp.net":{"limit":0,"premium":false},"6283183075961@s.whatsapp.net":{"limit":0,"premium":false},"6287896383343@s.whatsapp.net":{"limit":0,"premium":false},"60147958037@s.whatsapp.net":{"limit":0,"premium":false},"601170011407@s.whatsapp.net":{"limit":0,"premium":false},"60193460786@s.whatsapp.net":{"limit":0,"premium":false},"60105034854@s.whatsapp.net":{"limit":0,"premium":false},"62895368437585@s.whatsapp.net":{"limit":0,"premium":false},"60196107609@s.whatsapp.net":{"limit":0,"premium":false},"6285761413776@s.whatsapp.net":{"limit":0,"premium":false},"62896636607685@s.whatsapp.net":{"limit":0,"premium":false},"60144001341@s.whatsapp.net":{"limit":0,"premium":false},"62815150192842@s.whatsapp.net":{"limit":0,"premium":false},"62895703086722@s.whatsapp.net":{"limit":0,"premium":false},"60173325310@s.whatsapp.net":{"limit":0,"premium":false},"601136642342@s.whatsapp.net":{"limit":0,"premium":false},"6281289287435@s.whatsapp.net":{"limit":0,"premium":false},"60179046311@s.whatsapp.net":{"limit":0,"premium":false},"60132448132@s.whatsapp.net":{"limit":0,"premium":false},"601114600231@s.whatsapp.net":{"limit":0,"premium":false},"601158701210@s.whatsapp.net":{"limit":0,"premium":false},"6285740762526@s.whatsapp.net":{"limit":0,"premium":false},"6289613022069@s.whatsapp.net":{"limit":0,"premium":false},"60143685477@s.whatsapp.net":{"limit":0,"premium":false},"601159682858@s.whatsapp.net":{"limit":0,"premium":false},"60142924863@s.whatsapp.net":{"limit":0,"premium":false},"6281335805054@s.whatsapp.net":{"limit":0,"premium":false},"60195487004@s.whatsapp.net":{"limit":0,"premium":false},"60184020694@s.whatsapp.net":{"limit":0,"premium":false},"60162538378@s.whatsapp.net":{"limit":0,"premium":false},"60166171370@s.whatsapp.net":{"limit":0,"premium":false},"60179897215@s.whatsapp.net":{"limit":0,"premium":false},"60134776431@s.whatsapp.net":{"limit":0,"premium":false},"60102073540@s.whatsapp.net":{"limit":0,"premium":false},"6288226703423@s.whatsapp.net":{"limit":0,"premium":false},"60193440512@s.whatsapp.net":{"limit":0,"premium":false},"601111034272@s.whatsapp.net":{"limit":0,"premium":false},"601117416343@s.whatsapp.net":{"limit":0,"premium":false},"60138009685@s.whatsapp.net":{"limit":0,"premium":false},"601119736891@s.whatsapp.net":{"limit":0,"premium":false},"6281256091347@s.whatsapp.net":{"limit":0,"premium":false},"601133673786@s.whatsapp.net":{"limit":0,"premium":false},"6282146569631@s.whatsapp.net":{"limit":0,"premium":false},"601157423024@s.whatsapp.net":{"limit":0,"premium":false},"60173622062@s.whatsapp.net":{"limit":0,"premium":false},"601173687038@s.whatsapp.net":{"limit":0,"premium":false},"601130863477@s.whatsapp.net":{"limit":0,"premium":false},"64225821846@s.whatsapp.net":{"limit":0,"premium":false},"6283821873233@s.whatsapp.net":{"limit":0,"premium":false},"6283132353248@s.whatsapp.net":{"limit":0,"premium":false},"6282114615062@s.whatsapp.net":{"limit":0,"premium":false},"6285363809576@s.whatsapp.net":{"limit":0,"premium":false},"60132787713@s.whatsapp.net":{"limit":0,"premium":false},"601114447558@s.whatsapp.net":{"limit":0,"premium":false},"601140072404@s.whatsapp.net":{"limit":0,"premium":false},"60102032266@s.whatsapp.net":{"limit":0,"premium":false},"60163639128@s.whatsapp.net":{"limit":0,"premium":false},"60173175919@s.whatsapp.net":{"limit":0,"premium":false},"601140098981@s.whatsapp.net":{"limit":0,"premium":false},"601136022129@s.whatsapp.net":{"limit":0,"premium":false},"60176144802@s.whatsapp.net":{"limit":0,"premium":false},"60142868129@s.whatsapp.net":{"limit":0,"premium":false},"60165192649@s.whatsapp.net":{"limit":0,"premium":false},"60142107479@s.whatsapp.net":{"limit":0,"premium":false},"6283803688043@s.whatsapp.net":{"limit":0,"premium":false},"60102410499@s.whatsapp.net":{"limit":0,"premium":false},"601114047495@s.whatsapp.net":{"limit":0,"premium":false},"60182989807@s.whatsapp.net":{"limit":0,"premium":false},"601151994851@s.whatsapp.net":{"limit":0,"premium":false},"60133901369@s.whatsapp.net":{"limit":0,"premium":false},"601131390034@s.whatsapp.net":{"limit":0,"premium":false},"60189734035@s.whatsapp.net":{"limit":0,"premium":false},"601116177527@s.whatsapp.net":{"limit":0,"premium":false},"60136439285@s.whatsapp.net":{"limit":0,"premium":false},"60175502475@s.whatsapp.net":{"limit":0,"premium":false},"60176774695@s.whatsapp.net":{"limit":0,"premium":false},"6285831440175@s.whatsapp.net":{"limit":0,"premium":false},"601139438089@s.whatsapp.net":{"limit":0,"premium":false},"601136613730@s.whatsapp.net":{"limit":0,"premium":false},"60133710763@s.whatsapp.net":{"limit":0,"premium":false},"601129099297@s.whatsapp.net":{"limit":0,"premium":false},"601164235348@s.whatsapp.net":{"limit":0,"premium":false},"601137558955@s.whatsapp.net":{"limit":0,"premium":false},"601121965084@s.whatsapp.net":{"limit":0,"premium":false},"6282213893443@s.whatsapp.net":{"limit":0,"premium":false},"60108247393@s.whatsapp.net":{"limit":0,"premium":false},"6282259518261@s.whatsapp.net":{"limit":0,"premium":false},"6281335309600@s.whatsapp.net":{"limit":0,"premium":false},"60136916630@s.whatsapp.net":{"limit":0,"premium":false},"6281352130401@s.whatsapp.net":{"limit":0,"premium":false},"60197928375@s.whatsapp.net":{"limit":0,"premium":false},"6285753200146@s.whatsapp.net":{"limit":0,"premium":false},"6281291020269@s.whatsapp.net":{"limit":0,"premium":false},"601151165262@s.whatsapp.net":{"limit":0,"premium":false},"60102920132@s.whatsapp.net":{"limit":0,"premium":false},"601116928561@s.whatsapp.net":{"limit":0,"premium":false},"6281380312233@s.whatsapp.net":{"limit":0,"premium":false},"60164077530@s.whatsapp.net":{"limit":0,"premium":false},"60169391861@s.whatsapp.net":{"limit":0,"premium":false},"60102270422@s.whatsapp.net":{"limit":0,"premium":false},"6285731933699@s.whatsapp.net":{"limit":0,"premium":false},"601137023463@s.whatsapp.net":{"limit":0,"premium":false},"60196116751@s.whatsapp.net":{"limit":0,"premium":false},"6287721600333@s.whatsapp.net":{"limit":0,"premium":false},"60138274752@s.whatsapp.net":{"limit":0,"premium":false},"6285781645969@s.whatsapp.net":{"limit":0,"premium":false},"6282335019145@s.whatsapp.net":{"limit":0,"premium":false},"6281345665944@s.whatsapp.net":{"limit":0,"premium":false},"601174821974@s.whatsapp.net":{"limit":0,"premium":false},"6281934488774@s.whatsapp.net":{"limit":0,"premium":false},"6282145024224@s.whatsapp.net":{"limit":0,"premium":false},"601116211417@s.whatsapp.net":{"limit":0,"premium":false},"6281244469008@s.whatsapp.net":{"limit":0,"premium":false},"60108799171@s.whatsapp.net":{"limit":0,"premium":false},"60199377661@s.whatsapp.net":{"limit":0,"premium":false},"60135229563@s.whatsapp.net":{"limit":0,"premium":false},"6281545072500@s.whatsapp.net":{"limit":0,"premium":false},"628993595827@s.whatsapp.net":{"limit":0,"premium":false},"6283857285001@s.whatsapp.net":{"limit":0,"premium":false},"6282332037571@s.whatsapp.net":{"limit":0,"premium":false},"60177136712@s.whatsapp.net":{"limit":0,"premium":false},"6285694405747@s.whatsapp.net":{"limit":0,"premium":false},"6283845623474@s.whatsapp.net":{"limit":0,"premium":false},"601136580838@s.whatsapp.net":{"limit":0,"premium":false},"6283141265305@s.whatsapp.net":{"limit":0,"premium":false},"601170732994@s.whatsapp.net":{"limit":0,"premium":false},"6283185063323@s.whatsapp.net":{"limit":0,"premium":false},"6282393317406@s.whatsapp.net":{"limit":0,"premium":false},"6285798173171@s.whatsapp.net":{"limit":0,"premium":false},"6285261440849@s.whatsapp.net":{"limit":0,"premium":false},"6281316478073@s.whatsapp.net":{"limit":0,"premium":false},"60198608360@s.whatsapp.net":{"limit":0,"premium":false},"60173509980@s.whatsapp.net":{"limit":0,"premium":false},"60174277635@s.whatsapp.net":{"limit":0,"premium":false},"601158427179@s.whatsapp.net":{"limit":0,"premium":false},"6287796243129@s.whatsapp.net":{"limit":0,"premium":false},"60139010943@s.whatsapp.net":{"limit":0,"premium":false},"6287862247946@s.whatsapp.net":{"limit":0,"premium":false},"60132226975@s.whatsapp.net":{"limit":0,"premium":false},"60139395753@s.whatsapp.net":{"limit":0,"premium":false},"601111403577@s.whatsapp.net":{"limit":0,"premium":false},"601157644335@s.whatsapp.net":{"limit":0,"premium":false},"601133247900@s.whatsapp.net":{"limit":0,"premium":false},"60133066077@s.whatsapp.net":{"limit":0,"premium":false},"6285651098691@s.whatsapp.net":{"limit":0,"premium":false},"60132976406@s.whatsapp.net":{"limit":0,"premium":false},"60107961982@s.whatsapp.net":{"limit":0,"premium":false},"60108627896@s.whatsapp.net":{"limit":0,"premium":false},"601114989808@s.whatsapp.net":{"limit":0,"premium":false},"601125654585@s.whatsapp.net":{"limit":0,"premium":false},"601163663242@s.whatsapp.net":{"limit":0,"premium":false},"601128783605@s.whatsapp.net":{"limit":0,"premium":false},"601129642605@s.whatsapp.net":{"limit":0,"premium":false},"60195923120@s.whatsapp.net":{"limit":0,"premium":false},"601130909258@s.whatsapp.net":{"limit":0,"premium":false},"60109014883@s.whatsapp.net":{"limit":0,"premium":false},"60138193269@s.whatsapp.net":{"limit":0,"premium":false},"60164029181@s.whatsapp.net":{"limit":0,"premium":false},"60195144281@s.whatsapp.net":{"limit":0,"premium":false},"6285322778272@s.whatsapp.net":{"limit":0,"premium":false},"601125244947@s.whatsapp.net":{"limit":0,"premium":false},"628998971489@s.whatsapp.net":{"limit":0,"premium":false},"60139036495@s.whatsapp.net":{"limit":0,"premium":false},"601119118009@s.whatsapp.net":{"limit":0,"premium":false},"60136916322@s.whatsapp.net":{"limit":0,"premium":false},"60109497108@s.whatsapp.net":{"limit":0,"premium":false},"6289505855312@s.whatsapp.net":{"limit":0,"premium":false},"601136651508@s.whatsapp.net":{"limit":0,"premium":false},"62895412400440@s.whatsapp.net":{"limit":0,"premium":false},"60137751567@s.whatsapp.net":{"limit":0,"premium":false},"601170774749@s.whatsapp.net":{"limit":0,"premium":false},"601162446783@s.whatsapp.net":{"limit":0,"premium":false},"601172416131@s.whatsapp.net":{"limit":0,"premium":false},"60103628525@s.whatsapp.net":{"limit":0,"premium":false},"60193767140@s.whatsapp.net":{"limit":0,"premium":false},"6285775158150@s.whatsapp.net":{"limit":0,"premium":false},"60183158983@s.whatsapp.net":{"limit":0,"premium":false},"60137436522@s.whatsapp.net":{"limit":0,"premium":false},"6281575868072@s.whatsapp.net":{"limit":0,"premium":false},"601135074396@s.whatsapp.net":{"limit":0,"premium":false},"601173479121@s.whatsapp.net":{"limit":0,"premium":false},"60194469961@s.whatsapp.net":{"limit":0,"premium":false},"60177957589@s.whatsapp.net":{"limit":0,"premium":false},"601110569575@s.whatsapp.net":{"limit":2,"premium":false},"601110967504@s.whatsapp.net":{"limit":0,"premium":false},"6288231715470@s.whatsapp.net":{"limit":0,"premium":true},"6285389170491@s.whatsapp.net":{"limit":0,"premium":false},"60105493707@s.whatsapp.net":{"limit":0,"premium":false},"60138001008@s.whatsapp.net":{"limit":0,"premium":false},"6282112864709@s.whatsapp.net":{"limit":0,"premium":false},"6282244603373@s.whatsapp.net":{"limit":0,"premium":false},"6287840668022@s.whatsapp.net":{"limit":0,"premium":false},"6282111727005@s.whatsapp.net":{"limit":0,"premium":false},"601115495799@s.whatsapp.net":{"limit":0,"premium":false},"60137965440@s.whatsapp.net":{"limit":0,"premium":false},"601161088092@s.whatsapp.net":{"limit":0,"premium":false},"6282216988490@s.whatsapp.net":{"limit":0,"premium":false},"6285702697276@s.whatsapp.net":{"limit":0,"premium":false},"601119006712@s.whatsapp.net":{"limit":0,"premium":false},"6282251914368@s.whatsapp.net":{"limit":0,"premium":false},"60178042371@s.whatsapp.net":{"limit":0,"premium":false},"6282351742659@s.whatsapp.net":{"limit":0,"premium":false},"601125755359@s.whatsapp.net":{"limit":0,"premium":false},"60179694124@s.whatsapp.net":{"limit":0,"premium":false},"60143602284@s.whatsapp.net":{"limit":0,"premium":false},"60177731298@s.whatsapp.net":{"limit":0,"premium":false},"6285795624320@s.whatsapp.net":{"limit":0,"premium":false},"60138441594@s.whatsapp.net":{"limit":0,"premium":false},"6289630081775@s.whatsapp.net":{"limit":0,"premium":false},"6281210970735@s.whatsapp.net":{"limit":0,"premium":false},"601170767721@s.whatsapp.net":{"limit":0,"premium":false},"60147090422@s.whatsapp.net":{"limit":0,"premium":false},"601131427030@s.whatsapp.net":{"limit":0,"premium":false},"6282169098803@s.whatsapp.net":{"limit":0,"premium":false},"60179017511@s.whatsapp.net":{"limit":0,"premium":false},"6282153666316@s.whatsapp.net":{"limit":0,"premium":false},"6285334408569@s.whatsapp.net":{"limit":0,"premium":false},"601169589549@s.whatsapp.net":{"limit":0,"premium":false},"62895365543711@s.whatsapp.net":{"limit":0,"premium":false},"62895396661234@s.whatsapp.net":{"limit":0,"premium":false},"6283841423539@s.whatsapp.net":{"limit":0,"premium":false},"6285602334671@s.whatsapp.net":{"limit":0,"premium":false},"6281248586316@s.whatsapp.net":{"limit":0,"premium":false},"6281528275020@s.whatsapp.net":{"limit":0,"premium":false},"6287768258936@s.whatsapp.net":{"limit":0,"premium":false},"6287840347295@s.whatsapp.net":{"limit":0,"premium":false},"601112676594@s.whatsapp.net":{"limit":0,"premium":false},"6281216497277@s.whatsapp.net":{"limit":0,"premium":false},"6285713424065@s.whatsapp.net":{"limit":0,"premium":false},"60198770061@s.whatsapp.net":{"limit":0,"premium":false},"601169224270@s.whatsapp.net":{"limit":0,"premium":false},"60195305663@s.whatsapp.net":{"limit":0,"premium":false},"60197216246@s.whatsapp.net":{"limit":0,"premium":false},"6289636033626@s.whatsapp.net":{"limit":0,"premium":false},"6285239039220@s.whatsapp.net":{"limit":0,"premium":false},"60138737107@s.whatsapp.net":{"limit":0,"premium":false},"6283150606968@s.whatsapp.net":{"limit":0,"premium":false},"60198041189@s.whatsapp.net":{"limit":0,"premium":false},"601117968122@s.whatsapp.net":{"limit":0,"premium":false},"6285157096695@s.whatsapp.net":{"limit":0,"premium":false},"6282286526665@s.whatsapp.net":{"limit":0,"premium":false},"62895385510756@s.whatsapp.net":{"limit":0,"premium":false},"6289603570263@s.whatsapp.net":{"limit":0,"premium":false},"62895326901155@s.whatsapp.net":{"limit":0,"premium":false},"6281289077440@s.whatsapp.net":{"limit":0,"premium":false},"601160823670@s.whatsapp.net":{"limit":0,"premium":false},"60143520037@s.whatsapp.net":{"limit":0,"premium":false},"6289531371586@s.whatsapp.net":{"limit":0,"premium":false},"6281558016717@s.whatsapp.net":{"limit":0,"premium":false},"601125408386@s.whatsapp.net":{"limit":0,"premium":false},"60178096250@s.whatsapp.net":{"limit":0,"premium":false},"62895705085023@s.whatsapp.net":{"limit":0,"premium":false},"60134673953@s.whatsapp.net":{"limit":0,"premium":false},"62895414788742@s.whatsapp.net":{"limit":0,"premium":false},"6289686709513@s.whatsapp.net":{"limit":0,"premium":false},"6281803310824@s.whatsapp.net":{"limit":0,"premium":false},"6285754253815@s.whatsapp.net":{"limit":0,"premium":false},"62895422689930@s.whatsapp.net":{"limit":0,"premium":false},"60199221765@s.whatsapp.net":{"limit":0,"premium":false},"6281285419616@s.whatsapp.net":{"limit":0,"premium":false},"60198589585@s.whatsapp.net":{"limit":0,"premium":false},"6281282360672@s.whatsapp.net":{"limit":0,"premium":false},"601111028586@s.whatsapp.net":{"limit":0,"premium":false},"60105469979@s.whatsapp.net":{"limit":0,"premium":false},"60193456820@s.whatsapp.net":{"limit":0,"premium":false},"601162029850@s.whatsapp.net":{"limit":0,"premium":false},"60138098483@s.whatsapp.net":{"limit":0,"premium":false},"601129285190@s.whatsapp.net":{"limit":0,"premium":false},"60166677937@s.whatsapp.net":{"limit":0,"premium":false},"6282376951267@s.whatsapp.net":{"limit":0,"premium":false},"60172219023@s.whatsapp.net":{"limit":0,"premium":false},"601158450067@s.whatsapp.net":{"limit":0,"premium":false},"601112853065@s.whatsapp.net":{"limit":0,"premium":false},"601116351871@s.whatsapp.net":{"limit":0,"premium":false},"6282135016180@s.whatsapp.net":{"limit":0,"premium":false},"62882317154700@s.whatsapp.net":{"limit":0,"premium":true},"601117869206@s.whatsapp.net":{"limit":0,"premium":false},"601125653857@s.whatsapp.net":{"limit":0,"premium":false},"60196590951@s.whatsapp.net":{"limit":0,"premium":false},"60137768478@s.whatsapp.net":{"limit":0,"premium":false},"3545392432@s.whatsapp.net":{"limit":0,"premium":false},"6287848879556@s.whatsapp.net":{"limit":0,"premium":false},"6281908471508@s.whatsapp.net":{"limit":0,"premium":false},"60137615854@s.whatsapp.net":{"limit":0,"premium":false},"60105400147@s.whatsapp.net":{"limit":0,"premium":false},"60173068249@s.whatsapp.net":{"limit":0,"premium":false},"6282154136823@s.whatsapp.net":{"limit":0,"premium":false},"6282376787013@s.whatsapp.net":{"limit":0,"premium":false},"6281617287412@s.whatsapp.net":{"limit":0,"premium":false},"601169568488@s.whatsapp.net":{"limit":0,"premium":false},"6281351858317@s.whatsapp.net":{"limit":0,"premium":false},"6281779931138@s.whatsapp.net":{"limit":0,"premium":false},"6285786821241@s.whatsapp.net":{"limit":0,"premium":false},"966594522689@s.whatsapp.net":{"limit":0,"premium":false},"6285256196114@s.whatsapp.net":{"limit":0,"premium":false},"6287843023526@s.whatsapp.net":{"limit":0,"premium":false},"6282197941977@s.whatsapp.net":{"limit":0,"premium":false},"6281248404743@s.whatsapp.net":{"limit":0,"premium":false},"6281346791020@s.whatsapp.net":{"limit":0,"premium":false},"6282398324627@s.whatsapp.net":{"limit":0,"premium":false},"6282197803038@s.whatsapp.net":{"limit":0,"premium":false},"6282198293514@s.whatsapp.net":{"limit":0,"premium":false},"60199906701@s.whatsapp.net":{"limit":0,"premium":false},"628998827987@s.whatsapp.net":{"limit":0,"premium":false},"6281215258190@s.whatsapp.net":{"limit":0,"premium":false},"60135048095@s.whatsapp.net":{"limit":0,"premium":false},"628815119135@s.whatsapp.net":{"limit":0,"premium":false},"6289658869102@s.whatsapp.net":{"limit":0,"premium":false},"6281315187456@s.whatsapp.net":{"limit":0,"premium":false},"6285701045420@s.whatsapp.net":{"limit":0,"premium":false},"6285732083379@s.whatsapp.net":{"limit":0,"premium":false},"6282233589691@s.whatsapp.net":{"limit":0,"premium":true},"6281214814506@s.whatsapp.net":{"limit":0,"premium":false},"6285811741360@s.whatsapp.net":{"limit":0,"premium":false},"6285217980845@s.whatsapp.net":{"limit":0,"premium":false},"628986107574@s.whatsapp.net":{"limit":0,"premium":false},"6289530180420@s.whatsapp.net":{"limit":0,"premium":false},"60148291979@s.whatsapp.net":{"limit":0,"premium":false},"601160691723@s.whatsapp.net":{"limit":0,"premium":false},"60172565679@s.whatsapp.net":{"limit":0,"premium":false},"60192592446@s.whatsapp.net":{"limit":0,"premium":false},"6287875469078@s.whatsapp.net":{"limit":0,"premium":false},"6281281921632@s.whatsapp.net":{"limit":0,"premium":false},"60196707840@s.whatsapp.net":{"limit":0,"premium":false},"601126860599@s.whatsapp.net":{"limit":0,"premium":false},"601155565778@s.whatsapp.net":{"limit":0,"premium":false},"601127544504@s.whatsapp.net":{"limit":0,"premium":false},"6283807048382@s.whatsapp.net":{"limit":0,"premium":false},"62895337035454@s.whatsapp.net":{"limit":0,"premium":false},"6285771919878@s.whatsapp.net":{"limit":0,"premium":false},"6289685259779@s.whatsapp.net":{"limit":0,"premium":false},"6288213882418@s.whatsapp.net":{"limit":0,"premium":false},"60105432204@s.whatsapp.net":{"limit":0,"premium":false},"6287819961757@s.whatsapp.net":{"limit":0,"premium":false},"60175407072@s.whatsapp.net":{"limit":0,"premium":false},"6281289034982@s.whatsapp.net":{"limit":0,"premium":false},"60165831776@s.whatsapp.net":{"limit":0,"premium":false},"6285254362303@s.whatsapp.net":{"limit":0,"premium":false},"6285651436150@s.whatsapp.net":{"limit":0,"premium":false},"60178619580@s.whatsapp.net":{"limit":0,"premium":false},"60127441267@s.whatsapp.net":{"limit":0,"premium":false},"6289510836069@s.whatsapp.net":{"limit":0,"premium":false},"60139659065@s.whatsapp.net":{"limit":0,"premium":false},"6283159055240@s.whatsapp.net":{"limit":0,"premium":false},"60169746948@s.whatsapp.net":{"limit":0,"premium":false},"60132807994@s.whatsapp.net":{"limit":0,"premium":false},"601128844215@s.whatsapp.net":{"limit":0,"premium":false},"6281357182992@s.whatsapp.net":{"limit":0,"premium":false},"628115998119@s.whatsapp.net":{"limit":0,"premium":false},"60183678070@s.whatsapp.net":{"limit":0,"premium":false},"601137574452@s.whatsapp.net":{"limit":0,"premium":false},"60175059571@s.whatsapp.net":{"limit":0,"premium":false},"6281536102588@s.whatsapp.net":{"limit":0,"premium":false},"6285820613876@s.whatsapp.net":{"limit":0,"premium":false},"6281398603664@s.whatsapp.net":{"limit":0,"premium":false},"60132662806@s.whatsapp.net":{"limit":0,"premium":false},"601130173169@s.whatsapp.net":{"limit":0,"premium":false},"6282297940964@s.whatsapp.net":{"limit":0,"premium":false},"60135979573@s.whatsapp.net":{"limit":0,"premium":false},"6289659654521@s.whatsapp.net":{"limit":0,"premium":false},"6281258865330@s.whatsapp.net":{"limit":0,"premium":false},"601164634160@s.whatsapp.net":{"limit":0,"premium":false},"6282285542664@s.whatsapp.net":{"limit":0,"premium":false},"6289693201556@s.whatsapp.net":{"limit":0,"premium":false},"60185785884@s.whatsapp.net":{"limit":0,"premium":false},"601115135410@s.whatsapp.net":{"limit":0,"premium":false},"60102482678@s.whatsapp.net":{"limit":0,"premium":false},"601115614323@s.whatsapp.net":{"limit":0,"premium":false},"601117919515@s.whatsapp.net":{"limit":0,"premium":false},"601125387193@s.whatsapp.net":{"limit":0,"premium":false},"60176753953@s.whatsapp.net":{"limit":0,"premium":false},"62895409447010@s.whatsapp.net":{"limit":0,"premium":false},"6285820138802@s.whatsapp.net":{"limit":0,"premium":false},"601137047367@s.whatsapp.net":{"limit":0,"premium":false},"601158286063@s.whatsapp.net":{"limit":0,"premium":false},"60139122534@s.whatsapp.net":{"limit":0,"premium":false},"6285756641232@s.whatsapp.net":{"limit":0,"premium":false},"6281572549419@s.whatsapp.net":{"limit":0,"premium":false},"60142014899@s.whatsapp.net":{"limit":0,"premium":false},"60134800441@s.whatsapp.net":{"limit":0,"premium":false},"60194623593@s.whatsapp.net":{"limit":0,"premium":false},"60134629510@s.whatsapp.net":{"limit":0,"premium":false},"601163105814@s.whatsapp.net":{"limit":0,"premium":false},"60104609887@s.whatsapp.net":{"limit":0,"premium":false},"6281251378576@s.whatsapp.net":{"limit":0,"premium":false},"60177615408@s.whatsapp.net":{"limit":0,"premium":false},"601125755330@s.whatsapp.net":{"limit":0,"premium":false},"60194068701@s.whatsapp.net":{"limit":0,"premium":false},"6282114615605@s.whatsapp.net":{"limit":0,"premium":false},"601127432327@s.whatsapp.net":{"limit":0,"premium":false},"60165262594@s.whatsapp.net":{"limit":0,"premium":false},"6281330804536@s.whatsapp.net":{"limit":0,"premium":false},"6281221378872@s.whatsapp.net":{"limit":0,"premium":false},"6282237294361@s.whatsapp.net":{"limit":0,"premium":false},"601164413145@s.whatsapp.net":{"limit":0,"premium":false},"60122650735@s.whatsapp.net":{"limit":0,"premium":false},"601127284230@s.whatsapp.net":{"limit":0,"premium":false},"6289691668911@s.whatsapp.net":{"limit":0,"premium":false},"6285254830077@s.whatsapp.net":{"limit":0,"premium":false},"60137506322@s.whatsapp.net":{"limit":0,"premium":false},"60163459589@s.whatsapp.net":{"limit":2,"premium":false},"60128585267@s.whatsapp.net":{"limit":0,"premium":false},"6281930179761@s.whatsapp.net":{"limit":0,"premium":false},"6281804413648@s.whatsapp.net":{"limit":0,"premium":false},"6282266227025@s.whatsapp.net":{"limit":0,"premium":false},"6287865939553@s.whatsapp.net":{"limit":0,"premium":false},"6281256275862@s.whatsapp.net":{"limit":0,"premium":false},"62895602593742@s.whatsapp.net":{"limit":0,"premium":false},"6281369830955@s.whatsapp.net":{"limit":0,"premium":false},"6281316410517@s.whatsapp.net":{"limit":0,"premium":false},"6285708584379@s.whatsapp.net":{"limit":0,"premium":false},"62895358182600@s.whatsapp.net":{"limit":0,"premium":false},"60104649495@s.whatsapp.net":{"limit":0,"premium":false},"60189659285@s.whatsapp.net":{"limit":0,"premium":false},"6285329429918@s.whatsapp.net":{"limit":0,"premium":false},"6282217514373@s.whatsapp.net":{"limit":0,"premium":false},"6281393977503@s.whatsapp.net":{"limit":0,"premium":false},"6289610916999@s.whatsapp.net":{"limit":0,"premium":false},"6285796215886@s.whatsapp.net":{"limit":0,"premium":false},"60143118446@s.whatsapp.net":{"limit":0,"premium":false},"6289657295492@s.whatsapp.net":{"limit":0,"premium":false},"6287839575824@s.whatsapp.net":{"limit":0,"premium":false},"6281244296448@s.whatsapp.net":{"limit":0,"premium":false},"60189124988@s.whatsapp.net":{"limit":0,"premium":false},"601130661567@s.whatsapp.net":{"limit":0,"premium":false},"6287879451977@s.whatsapp.net":{"limit":0,"premium":false},"60137928224@s.whatsapp.net":{"limit":0,"premium":false},"6289619552949@s.whatsapp.net":{"limit":0,"premium":false},"62895331244522@s.whatsapp.net":{"limit":0,"premium":false},"60192450696@s.whatsapp.net":{"limit":0,"premium":false},"6289695088234@s.whatsapp.net":{"limit":0,"premium":false},"213798736142@s.whatsapp.net":{"limit":0,"premium":false},"6285801284308@s.whatsapp.net":{"limit":0,"premium":false},"6282135358097@s.whatsapp.net":{"limit":0,"premium":false},"62895343001883@s.whatsapp.net":{"limit":0,"premium":false},"60195009112@s.whatsapp.net":{"limit":0,"premium":false},"6282233237317@s.whatsapp.net":{"limit":0,"premium":false},"6288990053661@s.whatsapp.net":{"limit":0,"premium":false},"6281218824937@s.whatsapp.net":{"limit":0,"premium":false},"62895376921653@s.whatsapp.net":{"limit":0,"premium":false},"6281382849490@s.whatsapp.net":{"limit":0,"premium":false},"60189092205@s.whatsapp.net":{"limit":0,"premium":false},"628971847725@s.whatsapp.net":{"limit":0,"premium":false},"6281991444288@s.whatsapp.net":{"limit":0,"premium":false},"60176903725@s.whatsapp.net":{"limit":0,"premium":false},"6283193569221@s.whatsapp.net":{"limit":0,"premium":false},"6287722187186@s.whatsapp.net":{"limit":0,"premium":false},"6287819714891@s.whatsapp.net":{"limit":0,"premium":false},"60162217912@s.whatsapp.net":{"limit":0,"premium":false},"601139160952@s.whatsapp.net":{"limit":0,"premium":false},"601124137658@s.whatsapp.net":{"limit":0,"premium":false},"601161526380@s.whatsapp.net":{"limit":0,"premium":false},"60174820024@s.whatsapp.net":{"limit":0,"premium":false},"6283141279671@s.whatsapp.net":{"limit":0,"premium":false},"60133079656@s.whatsapp.net":{"limit":0,"premium":false},"60135290018@s.whatsapp.net":{"limit":0,"premium":false},"60175972560@s.whatsapp.net":{"limit":0,"premium":false},"60195802805@s.whatsapp.net":{"limit":0,"premium":false},"60164064326@s.whatsapp.net":{"limit":0,"premium":false},"601116850129@s.whatsapp.net":{"limit":0,"premium":false},"601126831512@s.whatsapp.net":{"limit":0,"premium":false},"601114467179@s.whatsapp.net":{"limit":0,"premium":false},"60188712708@s.whatsapp.net":{"limit":0,"premium":false},"601112831683@s.whatsapp.net":{"limit":0,"premium":false},"601114002063@s.whatsapp.net":{"limit":0,"premium":false},"601115432033@s.whatsapp.net":{"limit":0,"premium":false},"60138755114@s.whatsapp.net":{"limit":0,"premium":false},"601136659022@s.whatsapp.net":{"limit":0,"premium":false},"60102605244@s.whatsapp.net":{"limit":0,"premium":false},"601110849141@s.whatsapp.net":{"limit":0,"premium":false},"6285755656524@s.whatsapp.net":{"limit":0,"premium":false},"60138237013@s.whatsapp.net":{"limit":0,"premium":false},"60166086452@s.whatsapp.net":{"limit":0,"premium":false},"60149559348@s.whatsapp.net":{"limit":0,"premium":false},"601174969314@s.whatsapp.net":{"limit":0,"premium":false},"60135483158@s.whatsapp.net":{"limit":0,"premium":false},"60106669348@s.whatsapp.net":{"limit":0,"premium":false},"601127350224@s.whatsapp.net":{"limit":0,"premium":false},"60132800547@s.whatsapp.net":{"limit":0,"premium":false},"60143279011@s.whatsapp.net":{"limit":0,"premium":false},"601164875626@s.whatsapp.net":{"limit":0,"premium":false},"62896636607680@s.whatsapp.net":{"limit":0,"premium":false},"6281282120002@s.whatsapp.net":{"limit":0,"premium":false},"60179158237@s.whatsapp.net":{"limit":0,"premium":false},"60128243470@s.whatsapp.net":{"limit":0,"premium":false},"60164067012@s.whatsapp.net":{"limit":0,"premium":false},"6285731868839@s.whatsapp.net":{"limit":0,"premium":false},"6288296243738@s.whatsapp.net":{"limit":0,"premium":false},"6283808638397@s.whatsapp.net":{"limit":0,"premium":false},"6285784177392@s.whatsapp.net":{"limit":0,"premium":false},"6282399167767@s.whatsapp.net":{"limit":0,"premium":false},"6281256540770@s.whatsapp.net":{"limit":0,"premium":false},"62881024276380@s.whatsapp.net":{"limit":0,"premium":false},"6285298812833@s.whatsapp.net":{"limit":0,"premium":false},"6285156092059@s.whatsapp.net":{"limit":0,"premium":false},"6281398505824@s.whatsapp.net":{"limit":0,"premium":false},"62882003119686@s.whatsapp.net":{"limit":0,"premium":false},"6289632121049@s.whatsapp.net":{"limit":0,"premium":false},"628991610146@s.whatsapp.net":{"limit":0,"premium":false},"6289520355714@s.whatsapp.net":{"limit":0,"premium":false},"6285858546502@s.whatsapp.net":{"limit":0,"premium":false},"62895710722070@s.whatsapp.net":{"limit":0,"premium":false},"6285781818605@s.whatsapp.net":{"limit":0,"premium":false},"6283181137737@s.whatsapp.net":{"limit":0,"premium":false},"60107144389@s.whatsapp.net":{"limit":0,"premium":false},"601123756218@s.whatsapp.net":{"limit":0,"premium":false},"601159652360@s.whatsapp.net":{"limit":0,"premium":false},"62895395281910@s.whatsapp.net":{"limit":0,"premium":false},"601172661598@s.whatsapp.net":{"limit":0,"premium":false},"60108187075@s.whatsapp.net":{"limit":0,"premium":false},"601136619854@s.whatsapp.net":{"limit":0,"premium":false},"6285159613304@s.whatsapp.net":{"limit":0,"premium":false},"6282359333925@s.whatsapp.net":{"limit":0,"premium":false},"6289671374935@s.whatsapp.net":{"limit":0,"premium":false},"6281997818000@s.whatsapp.net":{"limit":0,"premium":false},"6287851910047@s.whatsapp.net":{"limit":0,"premium":false},"6281236758944@s.whatsapp.net":{"limit":0,"premium":false},"601156949050@s.whatsapp.net":{"limit":0,"premium":false},"601124739395@s.whatsapp.net":{"limit":0,"premium":false},"6282234168276@s.whatsapp.net":{"limit":0,"premium":false},"601129875081@s.whatsapp.net":{"limit":0,"premium":false},"62895637060397@s.whatsapp.net":{"limit":0,"premium":false},"6281914742144@s.whatsapp.net":{"limit":0,"premium":false},"6289516745558@s.whatsapp.net":{"limit":0,"premium":false},"601157252969@s.whatsapp.net":{"limit":0,"premium":false},"6287781131751@s.whatsapp.net":{"limit":0,"premium":false},"6289662812394@s.whatsapp.net":{"limit":0,"premium":false},"6285363360772@s.whatsapp.net":{"limit":0,"premium":false},"62895326423513@s.whatsapp.net":{"limit":0,"premium":false},"628980204198@s.whatsapp.net":{"limit":0,"premium":false},"6289650229388@s.whatsapp.net":{"limit":0,"premium":false},"6289618264047@s.whatsapp.net":{"limit":0,"premium":false},"6288269923700@s.whatsapp.net":{"limit":0,"premium":false},"6287818874382@s.whatsapp.net":{"limit":0,"premium":false},"6282267080212@s.whatsapp.net":{"limit":0,"premium":false},"6289612077718@s.whatsapp.net":{"limit":0,"premium":true},"62895372516215@s.whatsapp.net":{"limit":0,"premium":false},"6289614278960@s.whatsapp.net":{"limit":0,"premium":false},"6285212300102@s.whatsapp.net":{"limit":0,"premium":false},"6282216844022@s.whatsapp.net":{"limit":0,"premium":false},"6285695079515@s.whatsapp.net":{"limit":0,"premium":false},"6285607176540@s.whatsapp.net":{"limit":0,"premium":false},"6285959442754@s.whatsapp.net":{"limit":0,"premium":false},"6281904860415@s.whatsapp.net":{"limit":0,"premium":false},"6281943311493@s.whatsapp.net":{"limit":0,"premium":false},"6285274137240@s.whatsapp.net":{"limit":0,"premium":true},"6282251415519@s.whatsapp.net":{"limit":0,"premium":false},"6281264995538@s.whatsapp.net":{"limit":0,"premium":false},"6282230353597@s.whatsapp.net":{"limit":0,"premium":false},"6283125369347@s.whatsapp.net":{"limit":0,"premium":false},"6285654017828@s.whatsapp.net":{"limit":0,"premium":false},"60167753402@s.whatsapp.net":{"limit":0,"premium":false},"6285230817565@s.whatsapp.net":{"limit":0,"premium":false},"6281317216312@s.whatsapp.net":{"limit":0,"premium":false},"6281226289100@s.whatsapp.net":{"limit":0,"premium":false},"6281350896762@s.whatsapp.net":{"limit":0,"premium":false},"6281352266527@s.whatsapp.net":{"limit":0,"premium":false},"6288238099131@s.whatsapp.net":{"limit":0,"premium":false},"62882005094573@s.whatsapp.net":{"limit":0,"premium":false},"628973944308@s.whatsapp.net":{"limit":0,"premium":false},"6288224388212@s.whatsapp.net":{"limit":0,"premium":false},"6285881562769@s.whatsapp.net":{"limit":0,"premium":false},"6282363249047@s.whatsapp.net":{"limit":0,"premium":false},"62895336297789@s.whatsapp.net":{"limit":0,"premium":false},"62895345885572@s.whatsapp.net":{"limit":0,"premium":false},"6283126097191@s.whatsapp.net":{"limit":0,"premium":false},"6285706371924@s.whatsapp.net":{"limit":0,"premium":false},"6285972506543@s.whatsapp.net":{"limit":0,"premium":false},"601133843957@s.whatsapp.net":{"limit":0,"premium":false},"60173172481@s.whatsapp.net":{"limit":0,"premium":false},"6283132261602@s.whatsapp.net":{"limit":0,"premium":false},"60164333436@s.whatsapp.net":{"limit":0,"premium":false},"6281358401559@s.whatsapp.net":{"limit":0,"premium":false},"601162286258@s.whatsapp.net":{"limit":0,"premium":false},"6281287378556@s.whatsapp.net":{"limit":0,"premium":false},"6287794280032@s.whatsapp.net":{"limit":0,"premium":false},"6281222694096@s.whatsapp.net":{"limit":0,"premium":false},"6285641397865@s.whatsapp.net":{"limit":0,"premium":false},"6281346096754@s.whatsapp.net":{"limit":0,"premium":false},"6289601363962@s.whatsapp.net":{"limit":0,"premium":false},"6282216049876@s.whatsapp.net":{"limit":0,"premium":false},"6285691801602@s.whatsapp.net":{"limit":0,"premium":false},"62882003111380@s.whatsapp.net":{"limit":0,"premium":false},"601139113573@s.whatsapp.net":{"limit":0,"premium":false},"6289607920437@s.whatsapp.net":{"limit":0,"premium":false},"6281215823704@s.whatsapp.net":{"limit":0,"premium":false},"6285806686168@s.whatsapp.net":{"limit":0,"premium":false},"6285750719772@s.whatsapp.net":{"limit":0,"premium":false},"60139695251@s.whatsapp.net":{"limit":0,"premium":false},"60179790740@s.whatsapp.net":{"limit":0,"premium":false},"6282282896955@s.whatsapp.net":{"limit":0,"premium":false},"6281240005645@s.whatsapp.net":{"limit":0,"premium":false},"6281247402046@s.whatsapp.net":{"limit":0,"premium":false},"6282192305071@s.whatsapp.net":{"limit":0,"premium":false},"6282311255815@s.whatsapp.net":{"limit":0,"premium":true},"6281212747531@s.whatsapp.net":{"limit":0,"premium":false},"6282155142108@s.whatsapp.net":{"limit":0,"premium":false},"60176013887@s.whatsapp.net":{"limit":0,"premium":false},"6282397795515@s.whatsapp.net":{"limit":0,"premium":false},"6281549189275@s.whatsapp.net":{"limit":0,"premium":false},"601139004602@s.whatsapp.net":{"limit":0,"premium":false},"601172514341@s.whatsapp.net":{"limit":0,"premium":false},"601119894142@s.whatsapp.net":{"limit":0,"premium":false},"60194073157@s.whatsapp.net":{"limit":0,"premium":false},"60149818785@s.whatsapp.net":{"limit":0,"premium":false},"6281911231315@s.whatsapp.net":{"limit":0,"premium":false},"628872562785@s.whatsapp.net":{"limit":0,"premium":false},"6281231205523@s.whatsapp.net":{"limit":0,"premium":false},"6285349562398@s.whatsapp.net":{"limit":0,"premium":false},"62895378244338@s.whatsapp.net":{"limit":0,"premium":false},"60139662584@s.whatsapp.net":{"limit":0,"premium":false},"60174180290@s.whatsapp.net":{"limit":0,"premium":false},"60149038020@s.whatsapp.net":{"limit":0,"premium":false},"601115479882@s.whatsapp.net":{"limit":0,"premium":false},"62895376874988@s.whatsapp.net":{"limit":0,"premium":false},"601133544890@s.whatsapp.net":{"limit":0,"premium":false},"17154496636@s.whatsapp.net":{"limit":0,"premium":false},"6282119323768@s.whatsapp.net":{"limit":0,"premium":false},"6283115075105@s.whatsapp.net":{"limit":0,"premium":false},"601174554101@s.whatsapp.net":{"limit":0,"premium":false},"60163773159@s.whatsapp.net":{"limit":0,"premium":false},"601113346258@s.whatsapp.net":{"limit":0,"premium":false},"6283128671683@s.whatsapp.net":{"limit":0,"premium":false},"60164057106@s.whatsapp.net":{"limit":0,"premium":false},"60162076976@s.whatsapp.net":{"limit":0,"premium":false},"62895338536989@s.whatsapp.net":{"limit":0,"premium":false},"6285156306087@s.whatsapp.net":{"limit":0,"premium":false},"6285705844865@s.whatsapp.net":{"limit":0,"premium":false},"6289530614750@s.whatsapp.net":{"limit":0,"premium":false},"6285155441512@s.whatsapp.net":{"limit":0,"premium":false},"6282210932152@s.whatsapp.net":{"limit":0,"premium":false},"6285697957998@s.whatsapp.net":{"limit":0,"premium":false},"60132223969@s.whatsapp.net":{"limit":0,"premium":false},"6285770255898@s.whatsapp.net":{"limit":0,"premium":false},"6283151658783@s.whatsapp.net":{"limit":0,"premium":false},"6283115506634@s.whatsapp.net":{"limit":0,"premium":false},"6287863485060@s.whatsapp.net":{"limit":0,"premium":false},"6285697153945@s.whatsapp.net":{"limit":0,"premium":false},"6282339328988@s.whatsapp.net":{"limit":0,"premium":false},"6281329551826@s.whatsapp.net":{"limit":0,"premium":false},"6289652916731@s.whatsapp.net":{"limit":0,"premium":false},"6281245971199@s.whatsapp.net":{"limit":0,"premium":false},"6285697702572@s.whatsapp.net":{"limit":0,"premium":false},"6287750000045@s.whatsapp.net":{"limit":0,"premium":false},"6281262346532@s.whatsapp.net":{"limit":0,"premium":false},"6282117213133@s.whatsapp.net":{"limit":0,"premium":false},"6289696287400@s.whatsapp.net":{"limit":0,"premium":false},"6283825126675@s.whatsapp.net":{"limit":0,"premium":false},"6289525805845@s.whatsapp.net":{"limit":0,"premium":false},"6285754785177@s.whatsapp.net":{"limit":0,"premium":false},"62895810799600@s.whatsapp.net":{"limit":0,"premium":false},"6282297336662@s.whatsapp.net":{"limit":0,"premium":false},"6283133131178@s.whatsapp.net":{"limit":0,"premium":false},"6282358878854@s.whatsapp.net":{"limit":0,"premium":false},"60169431601@s.whatsapp.net":{"limit":0,"premium":false},"6285861053098@s.whatsapp.net":{"limit":0,"premium":false},"6282276622319@s.whatsapp.net":{"limit":0,"premium":false},"62895349887328@s.whatsapp.net":{"limit":0,"premium":false},"6288221466591@s.whatsapp.net":{"limit":0,"premium":false},"6281223522107@s.whatsapp.net":{"limit":0,"premium":false},"6282329503225@s.whatsapp.net":{"limit":0,"premium":false},"60196089475@s.whatsapp.net":{"limit":0,"premium":false},"601139135325@s.whatsapp.net":{"limit":0,"premium":false},"6289663660768@s.whatsapp.net":{"limit":0,"premium":false},"60174862816@s.whatsapp.net":{"limit":0,"premium":false},"6285731275974@s.whatsapp.net":{"limit":0,"premium":false},"6283159348016@s.whatsapp.net":{"limit":0,"premium":false},"6283176387104@s.whatsapp.net":{"limit":0,"premium":false},"628970780608@s.whatsapp.net":{"limit":0,"premium":false},"6281383998128@s.whatsapp.net":{"limit":0,"premium":false},"6287744650245@s.whatsapp.net":{"limit":0,"premium":false},"60194674547@s.whatsapp.net":{"limit":0,"premium":false},"6285317254085@s.whatsapp.net":{"limit":0,"premium":false},"6289506470291@s.whatsapp.net":{"limit":0,"premium":false},"6282322077348@s.whatsapp.net":{"limit":0,"premium":false},"6283821481581@s.whatsapp.net":{"limit":0,"premium":false},"60199580857@s.whatsapp.net":{"limit":0,"premium":false},"6282111847966@s.whatsapp.net":{"limit":0,"premium":false},"62895630956747@s.whatsapp.net":{"limit":0,"premium":false},"6288233604147@s.whatsapp.net":{"limit":0,"premium":false},"60149691606@s.whatsapp.net":{"limit":0,"premium":false},"6281996269182@s.whatsapp.net":{"limit":0,"premium":false},"60134218845@s.whatsapp.net":{"limit":0,"premium":false},"6285865394755@s.whatsapp.net":{"limit":0,"premium":false},"6282284030205@s.whatsapp.net":{"limit":0,"premium":false},"62895618906646@s.whatsapp.net":{"limit":0,"premium":false},"60173253310@s.whatsapp.net":{"limit":0,"premium":false},"60105184045@s.whatsapp.net":{"limit":0,"premium":false},"601118582774@s.whatsapp.net":{"limit":0,"premium":false},"6289636900770@s.whatsapp.net":{"limit":0,"premium":false},"6283182512880@s.whatsapp.net":{"limit":0,"premium":false},"60167468033@s.whatsapp.net":{"limit":0,"premium":false},"6289647028514@s.whatsapp.net":{"limit":0,"premium":false},"6283163818708@s.whatsapp.net":{"limit":0,"premium":false},"6283149052014@s.whatsapp.net":{"limit":0,"premium":false},"6282128477507@s.whatsapp.net":{"limit":0,"premium":false},"6282376695083@s.whatsapp.net":{"limit":0,"premium":false},"6289694131257@s.whatsapp.net":{"limit":0,"premium":false},"62895706720209@s.whatsapp.net":{"limit":0,"premium":false},"6282169020022@s.whatsapp.net":{"limit":0,"premium":false},"62881038125641@s.whatsapp.net":{"limit":0,"premium":false},"60137596569@s.whatsapp.net":{"limit":0,"premium":false},"6282382676817@s.whatsapp.net":{"limit":0,"premium":false},"6282214136150@s.whatsapp.net":{"limit":0,"premium":false},"6282213893036@s.whatsapp.net":{"limit":0,"premium":false},"601158309840@s.whatsapp.net":{"limit":0,"premium":false},"6282179682824@s.whatsapp.net":{"limit":0,"premium":false},"6288805534671@s.whatsapp.net":{"limit":0,"premium":false},"6281358730727@s.whatsapp.net":{"limit":0,"premium":false},"60183645598@s.whatsapp.net":{"limit":0,"premium":false},"6282348881443@s.whatsapp.net":{"limit":0,"premium":false},"6285727168138@s.whatsapp.net":{"limit":0,"premium":false},"6281216186018@s.whatsapp.net":{"limit":0,"premium":false},"6282281257017@s.whatsapp.net":{"limit":0,"premium":false},"601110141205@s.whatsapp.net":{"limit":0,"premium":false},"6288973263468@s.whatsapp.net":{"limit":0,"premium":false},"6281221977660@s.whatsapp.net":{"limit":0,"premium":false},"6281548247409@s.whatsapp.net":{"limit":0,"premium":false},"62881022303232@s.whatsapp.net":{"limit":0,"premium":false},"6285238248407@s.whatsapp.net":{"limit":0,"premium":false},"6281218041404@s.whatsapp.net":{"limit":0,"premium":false},"6281386287335@s.whatsapp.net":{"limit":0,"premium":false},"6281273949435@s.whatsapp.net":{"limit":0,"premium":false},"6281239939565@s.whatsapp.net":{"limit":0,"premium":false},"6288802624475@s.whatsapp.net":{"limit":0,"premium":false},"6281210140206@s.whatsapp.net":{"limit":0,"premium":false},"6281371345736@s.whatsapp.net":{"limit":0,"premium":false},"6283821196140@s.whatsapp.net":{"limit":0,"premium":false},"6281273991984@s.whatsapp.net":{"limit":0,"premium":false},"6285251971973@s.whatsapp.net":{"limit":0,"premium":false},"6285276966203@s.whatsapp.net":{"limit":0,"premium":false},"6285877064590@s.whatsapp.net":{"limit":0,"premium":false},"6285319200707@s.whatsapp.net":{"limit":0,"premium":false},"60178451871@s.whatsapp.net":{"limit":0,"premium":false},"6289691610516@s.whatsapp.net":{"limit":0,"premium":false},"6285607565621@s.whatsapp.net":{"limit":0,"premium":false},"60176537154@s.whatsapp.net":{"limit":0,"premium":false},"6281520986199@s.whatsapp.net":{"limit":0,"premium":false},"6282269685391@s.whatsapp.net":{"limit":0,"premium":false},"6285880484617@s.whatsapp.net":{"limit":0,"premium":false},"6285893687309@s.whatsapp.net":{"limit":0,"premium":false},"6289603292350@s.whatsapp.net":{"limit":0,"premium":false},"60139940741@s.whatsapp.net":{"limit":0,"premium":false},"60102050255@s.whatsapp.net":{"limit":0,"premium":false},"6282252068709@s.whatsapp.net":{"limit":0,"premium":false},"6289508677184@s.whatsapp.net":{"limit":0,"premium":false},"6285730252411@s.whatsapp.net":{"limit":0,"premium":false},"6289524204021@s.whatsapp.net":{"limit":0,"premium":false},"6282322673952@s.whatsapp.net":{"limit":0,"premium":false},"6287776049017@s.whatsapp.net":{"limit":0,"premium":false},"6285888216240@s.whatsapp.net":{"limit":0,"premium":false},"6283151860292@s.whatsapp.net":{"limit":0,"premium":false},"6285770370565@s.whatsapp.net":{"limit":0,"premium":false},"6281943307201@s.whatsapp.net":{"limit":0,"premium":false},"6282378256373@s.whatsapp.net":{"limit":0,"premium":false},"6285940756888@s.whatsapp.net":{"limit":0,"premium":false},"601131827075@s.whatsapp.net":{"limit":0,"premium":false},"6285700220235@s.whatsapp.net":{"limit":0,"premium":false},"6285267004356@s.whatsapp.net":{"limit":0,"premium":false},"62882003144257@s.whatsapp.net":{"limit":0,"premium":false},"628558332213@s.whatsapp.net":{"limit":0,"premium":false},"6282339874523@s.whatsapp.net":{"limit":0,"premium":false},"6288221237275@s.whatsapp.net":{"limit":0,"premium":false},"62882003348891@s.whatsapp.net":{"limit":0,"premium":false},"6283141556351@s.whatsapp.net":{"limit":0,"premium":false},"62895338271091@s.whatsapp.net":{"limit":0,"premium":false},"6288217279070@s.whatsapp.net":{"limit":0,"premium":false},"60166713968@s.whatsapp.net":{"limit":0,"premium":false},"6283150671793@s.whatsapp.net":{"limit":0,"premium":false},"60147348835@s.whatsapp.net":{"limit":0,"premium":false},"60107906454@s.whatsapp.net":{"limit":0,"premium":false},"6281294500918@s.whatsapp.net":{"limit":0,"premium":false},"6287808770088@s.whatsapp.net":{"limit":0,"premium":false},"6285719859098@s.whatsapp.net":{"limit":0,"premium":false},"6282223403098@s.whatsapp.net":{"limit":0,"premium":false},"6281261647678@s.whatsapp.net":{"limit":0,"premium":false},"6285875308578@s.whatsapp.net":{"limit":0,"premium":false},"6283153224833@s.whatsapp.net":{"limit":0,"premium":false},"6281215970450@s.whatsapp.net":{"limit":0,"premium":false},"6285784017021@s.whatsapp.net":{"limit":0,"premium":false},"6283807471073@s.whatsapp.net":{"limit":0,"premium":false},"62895610267474@s.whatsapp.net":{"limit":0,"premium":false},"6281336865870@s.whatsapp.net":{"limit":0,"premium":false},"6282192008907@s.whatsapp.net":{"limit":0,"premium":false},"6281808849840@s.whatsapp.net":{"limit":0,"premium":false},"601123120664@s.whatsapp.net":{"limit":0,"premium":false},"6285649359868@s.whatsapp.net":{"limit":0,"premium":false},"62895339277451@s.whatsapp.net":{"limit":0,"premium":false},"6281902157426@s.whatsapp.net":{"limit":0,"premium":false},"6285849986934@s.whatsapp.net":{"limit":0,"premium":false},"601157502501@s.whatsapp.net":{"limit":0,"premium":false},"60136376143@s.whatsapp.net":{"limit":0,"premium":false},"6285377638941@s.whatsapp.net":{"limit":0,"premium":false},"62895392056179@s.whatsapp.net":{"limit":0,"premium":false},"6287765111445@s.whatsapp.net":{"limit":0,"premium":false},"6285776456064@s.whatsapp.net":{"limit":0,"premium":false},"6285346774511@s.whatsapp.net":{"limit":0,"premium":false},"6282251473073@s.whatsapp.net":{"limit":0,"premium":false},"6282152003736@s.whatsapp.net":{"limit":0,"premium":false},"6285822989928@s.whatsapp.net":{"limit":0,"premium":false},"60178508165@s.whatsapp.net":{"limit":0,"premium":false},"60139114624@s.whatsapp.net":{"limit":0,"premium":false},"62895607194040@s.whatsapp.net":{"limit":0,"premium":false},"62895339958534@s.whatsapp.net":{"limit":0,"premium":false},"6282255914497@s.whatsapp.net":{"limit":0,"premium":false},"601133557963@s.whatsapp.net":{"limit":0,"premium":false},"6282311838870@s.whatsapp.net":{"limit":0,"premium":false},"6288232139157@s.whatsapp.net":{"limit":0,"premium":false},"6283116245510@s.whatsapp.net":{"limit":0,"premium":false},"6282116789094@s.whatsapp.net":{"limit":0,"premium":false},"6285809732996@s.whatsapp.net":{"limit":0,"premium":false},"6281217125147@s.whatsapp.net":{"limit":0,"premium":false},"628882830914@s.whatsapp.net":{"limit":0,"premium":false},"6285144384525@s.whatsapp.net":{"limit":0,"premium":false},"6288705097331@s.whatsapp.net":{"limit":0,"premium":false},"15096512792@s.whatsapp.net":{"limit":0,"premium":false},"6285759143070@s.whatsapp.net":{"limit":0,"premium":false},"6283140216820@s.whatsapp.net":{"limit":0,"premium":false},"60142542249@s.whatsapp.net":{"limit":0,"premium":false},"6285805905505@s.whatsapp.net":{"limit":0,"premium":false},"60189511339@s.whatsapp.net":{"limit":0,"premium":false},"8801722202379@s.whatsapp.net":{"limit":0,"premium":false},"60176091392@s.whatsapp.net":{"limit":0,"premium":false},"6281217848270@s.whatsapp.net":{"limit":0,"premium":false},"6281513606324@s.whatsapp.net":{"limit":0,"premium":false},"601153581047@s.whatsapp.net":{"limit":0,"premium":false},"628972251327@s.whatsapp.net":{"limit":0,"premium":false},"6281249183663@s.whatsapp.net":{"limit":0,"premium":false},"628817695728@s.whatsapp.net":{"limit":0,"premium":false},"628895670752@s.whatsapp.net":{"limit":0,"premium":false},"6285701004638@s.whatsapp.net":{"limit":0,"premium":false},"6283116158797@s.whatsapp.net":{"limit":0,"premium":false},"6283137234103@s.whatsapp.net":{"limit":0,"premium":false},"6283110406730@s.whatsapp.net":{"limit":0,"premium":false},"6285235553174@s.whatsapp.net":{"limit":0,"premium":false},"6282253239370@s.whatsapp.net":{"limit":0,"premium":false},"628875652935@s.whatsapp.net":{"limit":0,"premium":false},"6282215051631@s.whatsapp.net":{"limit":0,"premium":false},"6285664354966@s.whatsapp.net":{"limit":0,"premium":false},"6285236899412@s.whatsapp.net":{"limit":0,"premium":false},"6281913948958@s.whatsapp.net":{"limit":0,"premium":false},"6287771571112@s.whatsapp.net":{"limit":0,"premium":false},"6289631916311@s.whatsapp.net":{"limit":0,"premium":false},"6281368939594@s.whatsapp.net":{"limit":0,"premium":false},"6285267951470@s.whatsapp.net":{"limit":0,"premium":false},"628980043147@s.whatsapp.net":{"limit":0,"premium":false},"6287808755183@s.whatsapp.net":{"limit":0,"premium":false},"6283830667835@s.whatsapp.net":{"limit":0,"premium":false},"6285777287133@s.whatsapp.net":{"limit":0,"premium":false},"6281333228943@s.whatsapp.net":{"limit":0,"premium":false},"6285820839572@s.whatsapp.net":{"limit":0,"premium":false},"6282213759004@s.whatsapp.net":{"limit":0,"premium":false},"6289630891496@s.whatsapp.net":{"limit":0,"premium":false},"6289698592702@s.whatsapp.net":{"limit":0,"premium":false},"6282115700617@s.whatsapp.net":{"limit":0,"premium":false},"6281219757244@s.whatsapp.net":{"limit":0,"premium":false},"6282142028955@s.whatsapp.net":{"limit":0,"premium":false},"6282347648377@s.whatsapp.net":{"limit":0,"premium":false},"6282298552213@s.whatsapp.net":{"limit":0,"premium":false},"6282240793636@s.whatsapp.net":{"limit":0,"premium":false},"6285397095597@s.whatsapp.net":{"limit":0,"premium":false},"6289655465224@s.whatsapp.net":{"limit":0,"premium":false},"6282298144699@s.whatsapp.net":{"limit":0,"premium":false},"6282290422240@s.whatsapp.net":{"limit":0,"premium":false},"6282289399814@s.whatsapp.net":{"limit":0,"premium":false},"6285645077746@s.whatsapp.net":{"limit":0,"premium":false},"6281330659761@s.whatsapp.net":{"limit":0,"premium":false},"6281388086574@s.whatsapp.net":{"limit":0,"premium":false},"6281331618510@s.whatsapp.net":{"limit":0,"premium":false},"6285229205341@s.whatsapp.net":{"limit":0,"premium":false},"6285211059525@s.whatsapp.net":{"limit":0,"premium":false},"6281938294974@s.whatsapp.net":{"limit":0,"premium":false},"6285236127252@s.whatsapp.net":{"limit":0,"premium":false},"6282123099053@s.whatsapp.net":{"limit":0,"premium":false},"6285778899072@s.whatsapp.net":{"limit":0,"premium":false},"6289676280505@s.whatsapp.net":{"limit":0,"premium":false},"6281266711999@s.whatsapp.net":{"limit":0,"premium":false},"6285339020064@s.whatsapp.net":{"limit":0,"premium":false},"6281244736443@s.whatsapp.net":{"limit":0,"premium":false},"6289676621994@s.whatsapp.net":{"limit":0,"premium":false},"6281341403481@s.whatsapp.net":{"limit":0,"premium":false},"6281381809744@s.whatsapp.net":{"limit":0,"premium":false},"62895423569988@s.whatsapp.net":{"limit":0,"premium":false},"6285377078552@s.whatsapp.net":{"limit":0,"premium":false},"6285718092394@s.whatsapp.net":{"limit":0,"premium":false},"6282282778670@s.whatsapp.net":{"limit":0,"premium":false},"6281365631771@s.whatsapp.net":{"limit":0,"premium":false},"6282112156157@s.whatsapp.net":{"limit":0,"premium":false},"6281225647592@s.whatsapp.net":{"limit":0,"premium":false},"6281217808277@s.whatsapp.net":{"limit":0,"premium":false},"628994556464@s.whatsapp.net":{"limit":0,"premium":false},"6281283910865@s.whatsapp.net":{"limit":0,"premium":false},"6285217202428@s.whatsapp.net":{"limit":0,"premium":false},"601125074622@s.whatsapp.net":{"limit":0,"premium":false},"6282293131928@s.whatsapp.net":{"limit":0,"premium":false},"6282123414497@s.whatsapp.net":{"limit":0,"premium":false},"6281374217956@s.whatsapp.net":{"limit":0,"premium":false},"6285709304987@s.whatsapp.net":{"limit":0,"premium":false},"6285878355211@s.whatsapp.net":{"limit":0,"premium":false},"6282341687059@s.whatsapp.net":{"limit":0,"premium":false},"6285745528982@s.whatsapp.net":{"limit":0,"premium":false},"60163311614@s.whatsapp.net":{"limit":0,"premium":false},"60198363802@s.whatsapp.net":{"limit":0,"premium":false},"60179691478@s.whatsapp.net":{"limit":0,"premium":false},"6283821123664@s.whatsapp.net":{"limit":0,"premium":false},"601136563740@s.whatsapp.net":{"limit":2,"premium":false},"60147571422@s.whatsapp.net":{"limit":0,"premium":false},"60167497569@s.whatsapp.net":{"limit":0,"premium":false},"601151357714@s.whatsapp.net":{"limit":0,"premium":false},"60148120854@s.whatsapp.net":{"limit":0,"premium":false},"601110750318@s.whatsapp.net":{"limit":0,"premium":false},"6282116534327@s.whatsapp.net":{"limit":0,"premium":false},"6289662977060@s.whatsapp.net":{"limit":0,"premium":false},"601126402700@s.whatsapp.net":{"limit":0,"premium":false},"601173435598@s.whatsapp.net":{"limit":0,"premium":false},"6289525661601@s.whatsapp.net":{"limit":0,"premium":false},"601162392076@s.whatsapp.net":{"limit":0,"premium":false},"6285784163879@s.whatsapp.net":{"limit":0,"premium":false},"6288905386444@s.whatsapp.net":{"limit":0,"premium":false},"6285791993008@s.whatsapp.net":{"limit":0,"premium":false},"6285881505912@s.whatsapp.net":{"limit":0,"premium":false},"6285237596750@s.whatsapp.net":{"limit":0,"premium":false},"6285780292001@s.whatsapp.net":{"limit":0,"premium":false},"6283143462420@s.whatsapp.net":{"limit":0,"premium":false},"62895321834887@s.whatsapp.net":{"limit":0,"premium":false},"6281261601891@s.whatsapp.net":{"limit":0,"premium":false},"6281293616377@s.whatsapp.net":{"limit":0,"premium":false},"6281933162879@s.whatsapp.net":{"limit":0,"premium":false},"628973586969@s.whatsapp.net":{"limit":0,"premium":false},"6282268841098@s.whatsapp.net":{"limit":0,"premium":false},"6281977325113@s.whatsapp.net":{"limit":0,"premium":false},"6285865294723@s.whatsapp.net":{"limit":0,"premium":false},"60187678814@s.whatsapp.net":{"limit":0,"premium":false},"62895700748236@s.whatsapp.net":{"limit":0,"premium":false},"6283153803330@s.whatsapp.net":{"limit":0,"premium":false},"6283186661132@s.whatsapp.net":{"limit":0,"premium":false},"919999537605@s.whatsapp.net":{"limit":0,"premium":false},"6281251314850@s.whatsapp.net":{"limit":0,"premium":false},"6285753410503@s.whatsapp.net":{"limit":0,"premium":false},"6282261293431@s.whatsapp.net":{"limit":0,"premium":false},"6287724103305@s.whatsapp.net":{"limit":0,"premium":false},"601164120610@s.whatsapp.net":{"limit":0,"premium":false},"6285745802306@s.whatsapp.net":{"limit":0,"premium":false},"60138247716@s.whatsapp.net":{"limit":0,"premium":false},"6287784005732@s.whatsapp.net":{"limit":0,"premium":false},"6285876380778@s.whatsapp.net":{"limit":0,"premium":false},"6282329281448@s.whatsapp.net":{"limit":0,"premium":false},"62881025430895@s.whatsapp.net":{"limit":0,"premium":false},"6288225811362@s.whatsapp.net":{"limit":0,"premium":false},"6288287633898@s.whatsapp.net":{"limit":0,"premium":false},"6281549184413@s.whatsapp.net":{"limit":0,"premium":false},"79530654224@s.whatsapp.net":{"limit":0,"premium":false},"6289531860203@s.whatsapp.net":{"limit":0,"premium":false},"6287808910044@s.whatsapp.net":{"limit":0,"premium":false},"601171132209@s.whatsapp.net":{"limit":0,"premium":false},"6282148623511@s.whatsapp.net":{"limit":0,"premium":false},"6281259123590@s.whatsapp.net":{"limit":0,"premium":false},"6285719665400@s.whatsapp.net":{"limit":0,"premium":false},"6281212937916@s.whatsapp.net":{"limit":0,"premium":false},"601117015118@s.whatsapp.net":{"limit":0,"premium":false},"60163869522@s.whatsapp.net":{"limit":0,"premium":false},"6283139552830@s.whatsapp.net":{"limit":0,"premium":false},"6285866463796@s.whatsapp.net":{"limit":0,"premium":false},"60167066092@s.whatsapp.net":{"limit":0,"premium":false},"6289612144030@s.whatsapp.net":{"limit":0,"premium":false},"6287833805271@s.whatsapp.net":{"limit":0,"premium":false},"6283148267776@s.whatsapp.net":{"limit":0,"premium":false},"6282346989292@s.whatsapp.net":{"limit":0,"premium":false},"6282326916600@s.whatsapp.net":{"limit":0,"premium":false},"6285230962778@s.whatsapp.net":{"limit":0,"premium":false},"6285804204343@s.whatsapp.net":{"limit":0,"premium":false},"6285335809185@s.whatsapp.net":{"limit":0,"premium":false},"972528296582@s.whatsapp.net":{"limit":0,"premium":false},"6288213099053@s.whatsapp.net":{"limit":0,"premium":false},"628973163063@s.whatsapp.net":{"limit":0,"premium":false},"6283826353201@s.whatsapp.net":{"limit":0,"premium":false},"6283140636397@s.whatsapp.net":{"limit":0,"premium":false},"6285230562046@s.whatsapp.net":{"limit":0,"premium":false},"6285608422488@s.whatsapp.net":{"limit":0,"premium":false},"6283199907623@s.whatsapp.net":{"limit":0,"premium":false},"6285881004609@s.whatsapp.net":{"limit":0,"premium":false},"6287775077017@s.whatsapp.net":{"limit":0,"premium":false},"6288225275246@s.whatsapp.net":{"limit":0,"premium":false},"6288704661206@s.whatsapp.net":{"limit":0,"premium":false},"6282288388431@s.whatsapp.net":{"limit":0,"premium":false},"6282299375736@s.whatsapp.net":{"limit":0,"premium":false},"6281381239921@s.whatsapp.net":{"limit":0,"premium":false},"6282168132870@s.whatsapp.net":{"limit":0,"premium":false},"601125232877@s.whatsapp.net":{"limit":0,"premium":false},"6288239751778@s.whatsapp.net":{"limit":0,"premium":false},"6285225726105@s.whatsapp.net":{"limit":0,"premium":false},"601163742192@s.whatsapp.net":{"limit":0,"premium":false},"6287889587109@s.whatsapp.net":{"limit":1,"premium":false},"6287887969702@s.whatsapp.net":{"limit":0,"premium":false},"6288805663108@s.whatsapp.net":{"limit":0,"premium":false},"6285296160857@s.whatsapp.net":{"limit":0,"premium":false},"6285740970966@s.whatsapp.net":{"limit":0,"premium":false},"6281374548611@s.whatsapp.net":{"limit":0,"premium":false},"60179669320@s.whatsapp.net":{"limit":0,"premium":false},"601131092761@s.whatsapp.net":{"limit":0,"premium":false},"628819305650@s.whatsapp.net":{"limit":0,"premium":false},"6287860132573@s.whatsapp.net":{"limit":0,"premium":false},"62882003774660@s.whatsapp.net":{"limit":0,"premium":false},"6282259220782@s.whatsapp.net":{"limit":0,"premium":false},"6283114596606@s.whatsapp.net":{"limit":0,"premium":false},"6285789410486@s.whatsapp.net":{"limit":0,"premium":false},"60136568021@s.whatsapp.net":{"limit":0,"premium":false},"6282233421465@s.whatsapp.net":{"limit":0,"premium":false},"6283805540534@s.whatsapp.net":{"limit":0,"premium":false},"6285733520049@s.whatsapp.net":{"limit":0,"premium":false},"6282383091178@s.whatsapp.net":{"limit":0,"premium":false},"6285895335209@s.whatsapp.net":{"limit":0,"premium":false},"6285875991796@s.whatsapp.net":{"limit":0,"premium":false},"6289601030130@s.whatsapp.net":{"limit":0,"premium":false},"6283166090685@s.whatsapp.net":{"limit":0,"premium":false},"6282182644408@s.whatsapp.net":{"limit":0,"premium":false},"6281376570427@s.whatsapp.net":{"limit":0,"premium":false},"6287874342486@s.whatsapp.net":{"limit":0,"premium":false},"6282214205640@s.whatsapp.net":{"limit":0,"premium":false},"6281237843871@s.whatsapp.net":{"limit":0,"premium":false},"59898743050@s.whatsapp.net":{"limit":0,"premium":false},"62895341078416@s.whatsapp.net":{"limit":0,"premium":false},"6285263699524@s.whatsapp.net":{"limit":0,"premium":false},"6281218422641@s.whatsapp.net":{"limit":0,"premium":false},"62895622782447@s.whatsapp.net":{"limit":0,"premium":false},"6285752501336@s.whatsapp.net":{"limit":0,"premium":false},"6281297103756@s.whatsapp.net":{"limit":0,"premium":false},"601140098322@s.whatsapp.net":{"limit":0,"premium":false},"601151184130@s.whatsapp.net":{"limit":0,"premium":false},"6281585563440@s.whatsapp.net":{"limit":0,"premium":false},"6285719048790@s.whatsapp.net":{"limit":0,"premium":false},"6287779105369@s.whatsapp.net":{"limit":0,"premium":false},"6281383953040@s.whatsapp.net":{"limit":0,"premium":false},"60182036379@s.whatsapp.net":{"limit":0,"premium":false},"6285664320853@s.whatsapp.net":{"limit":0,"premium":false},"6287703581557@s.whatsapp.net":{"limit":0,"premium":false},"6289653228856@s.whatsapp.net":{"limit":0,"premium":false},"6285347332708@s.whatsapp.net":{"limit":0,"premium":false},"6282127365702@s.whatsapp.net":{"limit":0,"premium":false},"6281352243701@s.whatsapp.net":{"limit":0,"premium":false},"6281227312531@s.whatsapp.net":{"limit":0,"premium":false},"6285607451363@s.whatsapp.net":{"limit":0,"premium":false},"6285385526594@s.whatsapp.net":{"limit":0,"premium":false},"62895332800050@s.whatsapp.net":{"limit":0,"premium":false},"6287883791166@s.whatsapp.net":{"limit":0,"premium":false},"6287700028505@s.whatsapp.net":{"limit":0,"premium":false},"6285934548037@s.whatsapp.net":{"limit":0,"premium":false},"6285750333103@s.whatsapp.net":{"limit":0,"premium":false},"6282335919344@s.whatsapp.net":{"limit":0,"premium":false},"6285841951670@s.whatsapp.net":{"limit":0,"premium":false},"62882016078204@s.whatsapp.net":{"limit":0,"premium":false},"6281239388045@s.whatsapp.net":{"limit":0,"premium":false},"60168851950@s.whatsapp.net":{"limit":0,"premium":false},"6282123569655@s.whatsapp.net":{"limit":0,"premium":false},"6288214379233@s.whatsapp.net":{"limit":0,"premium":false},"6285855048660@s.whatsapp.net":{"limit":0,"premium":false},"6285879761728@s.whatsapp.net":{"limit":0,"premium":false},"6281325186505@s.whatsapp.net":{"limit":0,"premium":false},"6287836305138@s.whatsapp.net":{"limit":0,"premium":false},"62895322285208@s.whatsapp.net":{"limit":0,"premium":false},"6282132350029@s.whatsapp.net":{"limit":0,"premium":false},"6285866108924@s.whatsapp.net":{"limit":0,"premium":false},"6282372806821@s.whatsapp.net":{"limit":0,"premium":false},"6288223515026@s.whatsapp.net":{"limit":0,"premium":false},"6281990313107@s.whatsapp.net":{"limit":0,"premium":false},"6287880380269@s.whatsapp.net":{"limit":0,"premium":false},"6285641592930@s.whatsapp.net":{"limit":0,"premium":false},"6285808714984@s.whatsapp.net":{"limit":0,"premium":false},"6283143679740@s.whatsapp.net":{"limit":0,"premium":false},"60194612337@s.whatsapp.net":{"limit":0,"premium":false},"6281250160750@s.whatsapp.net":{"limit":0,"premium":false},"6282195394590@s.whatsapp.net":{"limit":0,"premium":false},"6287743428887@s.whatsapp.net":{"limit":0,"premium":false},"6283865781805@s.whatsapp.net":{"limit":0,"premium":false},"6282281464157@s.whatsapp.net":{"limit":0,"premium":false},"60149653346@s.whatsapp.net":{"limit":0,"premium":false},"6282340506040@s.whatsapp.net":{"limit":0,"premium":false},"6281217493732@s.whatsapp.net":{"limit":0,"premium":false},"6283184203652@s.whatsapp.net":{"limit":0,"premium":false},"6285838899372@s.whatsapp.net":{"limit":0,"premium":false},"6281262864223@s.whatsapp.net":{"limit":0,"premium":false},"6285813606213@s.whatsapp.net":{"limit":0,"premium":false},"6282124205052@s.whatsapp.net":{"limit":0,"premium":false},"6285855735030@s.whatsapp.net":{"limit":0,"premium":false},"6285696558148@s.whatsapp.net":{"limit":0,"premium":false},"6285712993954@s.whatsapp.net":{"limit":0,"premium":false},"6283175964241@s.whatsapp.net":{"limit":0,"premium":false},"6285820644889@s.whatsapp.net":{"limit":0,"premium":false},"60178780547@s.whatsapp.net":{"limit":0,"premium":false},"6288239611254@s.whatsapp.net":{"limit":0,"premium":false},"60184711293@s.whatsapp.net":{"limit":0,"premium":false},"6282252443425@s.whatsapp.net":{"limit":0,"premium":false},"6288225265619@s.whatsapp.net":{"limit":0,"premium":false},"6282120493570@s.whatsapp.net":{"limit":0,"premium":false},"6282158339319@s.whatsapp.net":{"limit":0,"premium":false},"6289665189139@s.whatsapp.net":{"limit":0,"premium":false},"6288742645696@s.whatsapp.net":{"limit":0,"premium":false},"6281935208928@s.whatsapp.net":{"limit":0,"premium":false},"6289637153877@s.whatsapp.net":{"limit":0,"premium":false},"6282190176650@s.whatsapp.net":{"limit":0,"premium":false},"6283180425135@s.whatsapp.net":{"limit":0,"premium":false},"62895422964551@s.whatsapp.net":{"limit":0,"premium":false},"6285888167261@s.whatsapp.net":{"limit":0,"premium":false},"6285878003026@s.whatsapp.net":{"limit":0,"premium":false},"6285337630538@s.whatsapp.net":{"limit":0,"premium":false},"6288214943924@s.whatsapp.net":{"limit":0,"premium":false},"6281331495322@s.whatsapp.net":{"limit":0,"premium":false},"6287889895542@s.whatsapp.net":{"limit":0,"premium":false},"6281476689157@s.whatsapp.net":{"limit":0,"premium":false},"15484882081@s.whatsapp.net":{"limit":0,"premium":false},"6282172741072@s.whatsapp.net":{"limit":0,"premium":false},"6282167031979@s.whatsapp.net":{"limit":0,"premium":false},"6285669564594@s.whatsapp.net":{"limit":0,"premium":false},"6281911237301@s.whatsapp.net":{"limit":0,"premium":false},"6282284879445@s.whatsapp.net":{"limit":0,"premium":false},"60172691668@s.whatsapp.net":{"limit":0,"premium":false},"62811868135@s.whatsapp.net":{"limit":0,"premium":false},"60183601913@s.whatsapp.net":{"limit":0,"premium":false},"6288905842373@s.whatsapp.net":{"limit":0,"premium":false},"6281779572575@s.whatsapp.net":{"limit":0,"premium":false},"6285213161090@s.whatsapp.net":{"limit":0,"premium":false},"6282159024447@s.whatsapp.net":{"limit":0,"premium":false},"6282131219775@s.whatsapp.net":{"limit":0,"premium":false},"6283898132370@s.whatsapp.net":{"limit":0,"premium":false},"601133604734@s.whatsapp.net":{"limit":0,"premium":false},"6282210412794@s.whatsapp.net":{"limit":0,"premium":false},"6281219897241@s.whatsapp.net":{"limit":0,"premium":false},"62895326089389@s.whatsapp.net":{"limit":0,"premium":false},"6281348415645@s.whatsapp.net":{"limit":0,"premium":false},"6281545083922@s.whatsapp.net":{"limit":0,"premium":false},"62895360465922@s.whatsapp.net":{"limit":0,"premium":false},"6285843058300@s.whatsapp.net":{"limit":0,"premium":false},"6282339202133@s.whatsapp.net":{"limit":0,"premium":false},"6282256322030@s.whatsapp.net":{"limit":0,"premium":false},"6282351938597@s.whatsapp.net":{"limit":0,"premium":false},"6288242460772@s.whatsapp.net":{"limit":0,"premium":false},"6281275680519@s.whatsapp.net":{"limit":0,"premium":false},"60174755714@s.whatsapp.net":{"limit":0,"premium":false},"6283197968790@s.whatsapp.net":{"limit":0,"premium":false},"601173935105@s.whatsapp.net":{"limit":0,"premium":false},"601129461488@s.whatsapp.net":{"limit":0,"premium":false},"6285692777479@s.whatsapp.net":{"limit":0,"premium":false},"62882003095633@s.whatsapp.net":{"limit":1,"premium":false}}